Icelandic,English
siðlaus,immoral
félagsvísindi,social science
raunvísindi,natural science
rifting,annulment
skírnarsáttmálanum,baptismal vows
Helförin,The Holocaust
Aðskilnaðarstefnan,Apartheid
þrælahald,slavery
réttarkerfi,justice system
stjórnsýslu,administration
réttarheimildirnar,
rekstri,management
öðlist,obtain
álitamál,matter of opinion
færni,skill
fjölmiðlaumfjöllun,media discussion topics
fjölmiðlaumföllun,media talking points
líkja,imitate
brotlegt,guilty
fjölsóttum,frequently visited
höfuðflokka,main categories
innbyrðis,on board
innbyrðis,between
innbyrðis,mutual
innbyrðis,internal
innbyrðis,among
réttarfar,legal procedure
réttarfar,procedural law
dómstólasýslan,The Judicial Administration
starfsemi,functioning
starfsemi,activities
áfrýjunar,appeal
málsforræðisregla,
lögpersónur,
leiða,supply
héraði,district
réttarágreiningi,
sakamál,criminal case
höfðar,start legal proceedings
gagnaðilinn,opposing party
stefnt,subpeona
stefndi,defendant
ágreiningur,dispute
skýrslur,account
skýrslur,report
skjöl,documents
fjárnám,attachment
látlaust,continuous
örorku,disability
heilsubrests,health problems
nýttir,utilize
fyrirtöku,procedure
fyrirtöku,proceedings
þinglýs,public registration
veðbönd,mortgage
nauðungarsölu,repossession
nauðungarsölu,foreclosure
vanskilaskrá,arrears register
veðbönd,lien
þiggja,receive
þiggja,accept
forsjá, foresight
forsjá,prudence
forsjá,supervision
forsjá,responsibility
forsjá,custody
forsjá,caution
fjárhald,trust
sameiginlega,jointly
sameiginlega,mutually
umboð,power of attorney
umboð,authority
veita, grant
veita,give
veita,offer
afturkalla, revoke
afturkala,annul
afturkalla,recall
viðtöku,welcome
viðtöku,reception
viðtöku,accept
viðtöku,receive
veita viðtöku,granted temporary ownership
yfirlögráðanda,guardian in charge
ófjárráða,financially incapable
FIT = færslur innistæðulausra tékka gjald, overdraft fee
svipta,take away
síhringikort, continuous calling money card
neytandi,consumer
vátryggingar,insurance
sifjaréttarkröfur,family law claims
eigi að láta í té, hand over
eigi að láta í té, grant
mergð,mass
mergð, crowd
efna,carry out
efna,keep a promise
dómasafni, register of judgements
töfinni, delay
töfinni, postponement
farmskirteini,bill of lading
farmskirteini, register of goods being carried and under which terms
vísitala,index
o.þ.h., and things like that
og þess háttar, and things like that
gengi,rate of exchange
dráttarvextir,interest on arrears
vanefndaálag,default surcharge
framsal,transfer
framsal,extradition
grandlaus,unsuspecting
viðskiptabréf,commercial paper
viðskiptabréf,negotiable document
gjaldfella,call in (a loan)
mótbárur,objections
víxill, bill of exchange
ábekingar,endorser
skuldaröðinni,creditor hierarchy
aðfarar,writ of execution
fyrning, nullification
greiðslubanki, cash agent
hegningarlögum, penal code
strikun,
áritun, signature
raðgreiðslusamingur,installments agreement
veði, collateral
afmá, wipe out
afmá, obliterate
bú, estate
þ.m.t. þar með talinn,
solidarísk, in solidum
solidarísk, in total
solidarísk, jointly
solidarísk, as a whole
not,use
fjárnáms, attachment
fjárnáms, repossession
kvaðalausa, liability less
kvaðalausa, free and clear
annmarkana, defect
aðfararveð, statutory lien
heimilarbrest,
umráð, disposal
kyrrsetningar,seizure
útstrikun,cross out
veðandlaginu,
handveði,
vörureikningsveði, factoring
séð,appropriate
útflutning,export
markaðsráðandi,dominant
samruni,merger
farist,perish
rýrni,deterioration
sýknaður,acquit
hjúskap,marriage
kaupmála,contract
einokunarstöðu,monopolistic position
iðnríkjum,industrial nation
úrskurðar,verdict
úrskurðar,decision
áfryja,appeal
samstarfssamningur um einkaleyfi,patent Cooperation Treaty (PCT)
nýnæmi,something new
frágang,workmanship
verulegar,substantial
hliðsjón,take into consideration
yfirvofandi,
lén,domain
umdæmi,domain
yrki,
í senn,
rak,
alþjóðþegum samningi um vernd nýrra yrkja, (IPOV - samningnum) International Convention for the Protection of New Varieties of Plants
viðskiptasérleyfi,franchising
eignaleiga,leasing
einkahlutafélag (ehf),
hlutafélag (hf),
sameignarfélag (sf),
samlagsfélag (slf), pooling society
löggjöf,legislation
firma,firm
tillög þeirra ná, suggestion of their take
refsivert,punishable
lútandi,dissolution
ályktun,resolution
viðskipti,dealings
umsömdum,revised
órjúfanlegur,foundational
EFTA-ríki,European Free Trade Association country
ráðningarsamningur,
þrotabú,bankrupt estate
umsamin,agreed
umsamin,understood
lakari,
meðlagsgreiðslur,maintenance payments
launþegar,salaried employee
skekkjur,deviation
skekkjur,error
hreppum,
alþýðu,the people
forysta,leadership
kaupauki,
sýndarfé,virtual currency
þrautavara,
freistnivandi,moral hazard
bólur,bubble
túlípanafárið,tulip bulb craze
innherjaviðskipti,insider trading
sérstók óviðráðanleg atvik,force majeure
samfleytt,uninterrupted
mælikvarði,standard
mælikvarði,scale
þjóðhagsvarúð,macroprudential
eindarvarúð,microprudential
ágreiningur,dispute
förgun,disposal
farga,dispose of
farga,kill
háttsemi,
atvinnuskyni,
yfirfærslu,
landhelgi,
umdæmis,
lausafjármunum,inventory
lausafjármunum,moveable assets
aðgát,
varning,merchandise
haldsréttur,lien
ágreiningur,dissent
lögjöfnun,
lúta,
hjúskap,marriage
hjúskap,matrimony
afsal,deed
afsal,title deed
úrbóta,improvement
úrbóta,reform
una,be satisfied
una,stay
una,linger
sé,
tiltölu,relative
nýmæli,novelty
ágalli,defect
ágalli,fault
rýri,diminish
rýri,reduce
saknæma,criminal
saknæma,punishable
smávægilegir,insignificant
smávægilegir,petty
riftunar,annul
riftunar,break
skaðabóta,compensation
skaðabóta,damages
hlutlæga,objective
grandlaus,in good faith
grandlaus,unsuspecting
grandlaus,oblivious
missis,loss
missis,deprivation
stöðvunarrétt,right of suspension
afhendingardrátt,right of suspension
afhendingardrátt,delivery delay
stöðvunarrétt,delivery delay
haldið eftir greiðslu,retain payment
hallann,deficit
hallann,loss
annast,manage
annast,take care of
kváðust,claim
kváðust,say
kváðust,state
skýrt,explain
skýrt,clarify
gólfsiginu,floor subsidence
áfátt,lacking
aðgæsluskyldu,caveat emptor
síðbúnum,late
síðbúnum,tardy
fébótaábyrgð,compensation responsibility
skaðabótaábyrgð,compensation responsibility
lögráða,statutory
sviptir,take away
sviptir,deprive
fela,entrust with
rétt úr garði gerð,done correctly
áritun,endorsement
áritun,signature
gagnaöflunar,data collection
gagnaöflunar,research
í beinan legg,direct relatives
skjótur,quick
skjótur,ready-witted
skjótur,cursory
skjótur,rapid
skjótur,swift
skjótur,prompt
skjótur,speedy
skjótur,instant
skjótur,expeditious
skjótur,expedite
skjótur,early
skjótur,winged
skjótur,wingy
skjótur,round
skjótur,ready
skjótur,rattling
veðbókarvottorði,title deed
orðsendingu,message
skjótra,swift
framseldur,transfer
framseldur,hand over
gætt,keep
gætt,guard
grandsamur,cognizant
grandsamur,aware
grandsamur,in bad faith
barst,carry
barst,bring
hliðsjón,consult
hliðsjón,consideration
hliðsjón,use
hliðsjón,refer
jarðalögum,land legislation
ábúendur,occupants
tilskilins,stipulations
tilskilins,conditions
tilskilins,requisite
fjóleignarhús,commonhold
fjöleignarhús,jointly-owned building
réttarstöðu,legal status
viðhald,maintenance
viðhald,upkeep
viðgerðir,repair
viðgerðir,fixing
færðir,move
færðir,shift
hlotið,must
hlotið,have to
velferðarráðuneytisins,welfare ministry
kattahold,cat ownership
kattahold,keeping cats
brotlega,guilty
fram kom,revealed
fram kom,emerged
bær,move
bær,stir
bær,disturb
varðveislu,storage
varðveislu,keeping
varðveislu,preservation
jafnframt,at the same time
jafnframt,alongside
æðsta,highest
æðsta,supreme
óskoraðan,unlimited
óskoraðan,total
fyrirkomulag,arrangement
fyrirkomulag,system
viðbyggingar,extension
setningu,opening
stöðvuð,stop
stöðvuð,halt
mótfallnir,against
fjöleignarhús,commonhold
fjöleignarhús,jointly-owned building
réttarstöðu,legal status
viðhald,maintenance
viðhald,upkeep
viðgerðir,repair
viðgerðir,fixing
færðir,moved
færðir,shifted
hlotið,must've
hlotið,had to
velferðarráðuneytisins,welfare ministry
kattahald,cat ownership
kattahald,keeping cats
brotlega,guilty
fram kom,revealed
fram kom,emerged
bær,move
bær,stir
bær,disturb
dýran búnað,expensive equipment
tíðkast,be customary
tíðkast,be usual
tíunduð,to tithe
tíunduð,rehearse
tíunduð,list
tíunduð,iterate
vanrækslu,negligence
vanrækslu,neglect
afnotahafa,usage rights owner
ríkari,
ætíð,always
samhljóða,unanimous
samhljóða,identical
skjalapappír,legal bond
umsöndun,
ótvírætt,unequivocal
ótvírætt,indubitable
ótvírætt,decisive
vanrækt,neglected
vanrækt,uncared for
umsamins,agreed
fyrirhugaða,planned
fyrirhugaða,intended
rúður,
vatnskrönum,faucet
ábótavant,defective
ábótavant,inadequate
varð þess var,
annmörkunum,shortcoming
annmörkunum,defect
annmörkunum,fault
annmörkunum,flaw
bót,remedy
bót,cure
bót,patch
hlaust,get
hlaust,must
réttmætri,legality
réttmætri,validity
starfrækti,operate
starfrækti,manage
starfrækti,run
gagnkvænum,mutuality
gagnkvænum,reciprocity
leiguhæfu,rentable
vísitölu,index
senn,soon
raftenglum,
smálegu,
hreinlætistækjum,sanitary devices
raktar,
fylgifé,
vanrækslu,negligence
vanrækslu,neglect
yfirsjónar,
gólfdúka,
slitlag,protective covering
slitlag,paving
millibili,interval
millibili,interim
millibili,space
aðfinnslum,reprobation
aðfinnslum,criticism
aðfinnslum,fault finding
dráttarvaxta,interest on arrears
dráttarvaxta,penal interest
víxli,alternately
víxli,interchange
víxli,rotate
viðskiptabréfi,business letter
viðskiptabréfi,commercial document
varðveitir,keep
varðveitir,preserve
varðveitir,cherish
húsgjöld,
framlög,contribution
framlög,donation
vanefndir,noncompliance
framfæri,advertise
framfæri,mention
framfæri,maintenance
framfæri,support
úrskurðum,decision
úrskurðum,ruling
úrskurðum,verdict
skjóta,shoot
skjóta,fire
skilmerkilega,clear-cut
skilmerkilega,understandable
framfæri,support
ágreiningsefnið,
vanefndir,non-compliance
vanefndir, breach of contract
vanefndir,default
kröfuréttindum,law of obligations
kröfuréttindum,claim right
dauðdagi,
kröfuhafi,creditor
kröfuhafi,claimant
heimtingu,claim
heimtingu,exaction
herðar,shoulders
vandkvæði,problem
vankvæði,obstacle
vankvæði,complication
fullar efndir,complete fulfillment
greiðsludráttur,late payment
fólgin,
vanheimild,
betri réttur,
fyrirstöðu,in the way
drattarvextir,interest on arrears
gagnaaðilinn,
innt,ask
innt,perform
innt,make
innt,carry out
sómasamlega,satisfactory
sómasamlega,presentable
inna af hendi,get something done
inna af hendi,perform
rýrnað,deteriorated
gagnaðilinn,
gagnkvæmum,
afborgunarkaup,
útilokað,
vandmeðfarið,
frumkvæði,
þar með,thus
þar með,with that
þar með,thereby
fundnar út,
settur,
ógildur,invalid
ógildur,void
ógildur,disqualified
frammi,front
aðfarargerðir,
aðfararlögum,
víxils,bill of exchange
víxils,draft
víxils,promissary note
in natura,in kind
samkvæmtefnisinu,in kind
forgörðum,
fruminnheimtu,
réttarfarslaga,
atvinnuskyni,
innheimtuleyfi,
ákvæði,
kveða,
innheimtufé,
starfsábyrgðartryggingu,
umboði,power of attorney
(dómstólar og sýslumenn) réttarvörslukerfis,
markast,
aðför,writ of execution
lógbann,
einkamála,
dánarbúum,estate
dánarbúum,estate of a dead person
aðvörun,
áskorun,
stóraukinn,steep increase
stóraukinn,hugely increased
í för,
þóknunar,payment fee
þóknunar,remuneration
hundraðshluti,percentage
hniga,suggest
hniga,indicate
sanngirnisrök,reasonable grounds
sanngirnisrök,rationale
sannanlegum,demonstrable
sannanlegum,provable
sannanlegum,verifiable
aðhafst,do
aðhafst,done
beint,direct
beint,aim
beint,draw
vanskilaskráin,arrears document
vanskilaskráin,arrears registry
vanskilaskráin,the arrears register
innkallanir,recall
innkallanir,calls
lögaðilar,legal entity
brynast,
til móts,
greiðsluaðlögun,debt mitigation
greiðsluaðlögun,payment adjustment
fasteignaveðkrafna,real estate lien
kleift,
ófær,
margvísleg,
þagnarskylda,
af ráðnum hug,
grófri,
synja,
óhæfilegt,
ámælisverðan,
viðkæmur,
löglærður,
lætur,
skuli,
með hliðsjón af,based on
að jafnaði,usually
algera,
eftirgjöf,write-off
eftirgjöf,forgiveness
vangoldinna,
óverulegri,
undanþegnar,
refsiverðu athæfi,
meðlags,child maintenance
meðlags,alimony
meðlags,child support
lýst því,
nauðasamnings,
hagað,
fellihýsi,
framfleyta,
hlutuðust,
forræði,
óskiptri,
hóflegt,
skipulags- og byggingaryfirvalda,
héraðsdómstóls,district court?
gjaldkræfar,
að standa straum af,finance
forstöðu,
ásættanleg,
viðvíkjandi,
alhliða,
erindum,
ágalla,
lánastarfsemi,
eftirlitsstjórnvalds,oversight committee?
heyrir undir,
stefnumörkun,
aldur,
margvíslegu,different
margvíslegu,multifarious
móti,form
móti,mould
móti,outline
sé fólgin í,consist
sé fólgin í,hidden
sé fólginn í,comprise
sé fólginn í,boils down to
fela í sér,includes
fela í sér,encompass
hljóðar upp á, be for
hafa undir höndum,possess
hafa undir höndum,have in hand
innt af hendi,make
innt af hendi,perform
innt af hendi,paid
af hálfu,on behalf
viðurkennt,accredited
viðurkennt,accepted
fyrirvara,proviso
fyrirvara,notice
fyrirvara,condition
fyrirvara,qualification
efist,question
efist,doubt
fullnaðar kvittun,formal acknowledgement of full payment
fullnaðar viðurkenning,formal acknowledgement of full payment
laut,
skuldajafnaðar, set-off
skuldajafnaðar,netting
rakti,
sló <> föstu,assume
sló <> föstu,take as given
lógskiptum,legally ordained division
í þyngjandi,
hrófla,
fyrning,prescriptive period
fyrning,depreciation
fyrning,statue of limitations
málsókn,
fyrnast,expire
fyrnast,lapse
fyrnast,voids
fyrnast,invalidate
innláns,deposit
líkamstjóns,
sérlögum,
í för með sér,
tilvist,
tilliti,glance
tilliti,consider
tilliti,regard
tilliti,respect
tilliti,consideration
von úr viti,too long
von úr viti,far too long
tilfinnanlegt,severe
tilfinnanlegt,serious
tilfinnanlegt,considerable
tilfinnanlegt,appreciable
ganga upp,work
ganga upp,adds up
ganga upp,evens out
ganga upp,squared away
ódæmdri,
undirgengist,
útlánum,
peningamarkaðslána,
handveði,
geymslugreiðsla,deponering
viðtökudráttur,
geymslufé,
geymslureikning,
viðskiptabanka,
sparisjóði,
tvíriti,
vanræki,
af kann að leiða,can mean
gjaldfellingarheimild,
handhafa,holder
handhafa,bearer
kröfubréf,payment reminder
kröfubréf,collection letter
bar,bear
bar,ought
bar,should
veðskuldabréfunum,mortgage deed
veðskuldabréfunum,secured bond
gjaldfella,call in (a loan)
uppboðs,auction
umleitun,appeal
umleitun,plea
ógjaldfallnar,not due for payment
falla niður,cancelled
eiginlegum,natural
eiginlegum,real
gagnvart,facing
gagnvart,towards
gagnvart,in relation to
kröfurétti,claim right
kröfurétti,law of obligations
eftirgjafar,write-off
eftirgjafar,forgiveness
löggerningi,legal act
löggerningi,statement of intent legally
uppgjöfin,capitulation
uppgjöfin,surrender
uppgjöfin,submission
leystur,release
leystur,undo
kröfubréf,demand letter
undirstöðurit,standard work
undirstóðurit,defininitive work
sifjar,kinship
sifjar,blood relationship
þrífst,thrive
þrífst,grows
þrífst,develops
þrífst,flourish
þrífst,prosper
þrífast,thrives
myndast,appear
myndast,form
myndast,photograph
vöggu,cradle
síaukinni,ever-increasing
síaukinni,ever-growing
síaukini,continually increasing
síaukinni,continually increasing
mönnum,human
mönnum,man
mönnum,person
hugleikin,important
hugleikin,dear
hugleikin,near to one's heart
fræðslu,information
fræðslu,instruction
fræðslu,training
fræðslu,teaching
brjóta til mergjar,get to the bottom of
brjóta til mergjar,investigate in depth
brjóta til mergjar,cut to the bone
refsirétt,criminal law
skyldleika,kinship
skyldleika,similarity
sérhæfð,specialized
sérhæfð hugtök,jargon
réttarheimild,sources of law
lög og réttur,laws and rights
réttarsamband,
réttindi,right
réttindi,certification
réttindi,qualification
réttindi,entitlement
rétthæfi,
löggerningur,legal act
löggerningur,act of law
löggerningur,letter of intent of the law
viljayfirlýsing,letter of intent
réttaráhrif,
réttarregla,rule of law
réttarregla,acquis
beita,hitch
beita,beat
beita,employ
beita,apply
beita,exert
beita,wield
málalengingar,empty talk
málalengingar,idle talk
málalengingar,bluff
málalengingar,chit-chat
gáleysi,negligence
gáleysi,mistake
gáleysi,oversight
vítavert gáleysi,gross negligence
stórfellt gáleysi,gross negligence
gróft gáleysi,gross negligence
tiltækt,reachable
tiltækt,obtainable
tiltækt,available
tiltækt,accessible
aðgengilegt,accessible
aðgengilegt,approachable
aðgengilegt,reasonable
aðgengilegt,acceptable
lesefnisspurningar,reading comprehension questions
lesefnisspurningar,discussion questions
tekið eftir,notice
sérhverju,each
blaðsíðutal,page number
lagagrein,provision
sést á, seen on
sést á,found on
átt við,mean
átt við,imply
átt við,apply to
meginregla,principle
meginregla,precept
meginregla,basic rule
fara eftir,follow
það fer eftir, it depends
fjórfrelsi,the four freedoms
fjórfrelsi, the four freedoms of the European single market
fer með,represent
fer með,recite
fer með,accompany
fer með,bring
löggjafarvald,legislative power
löggjafarvald,legislative authority
Þrígreining,
ríkisvaldsins,
fulltrúalýðræði,representative democracy
Ríkisendurskoðun,
tilheyrir,belong
tilheyrir, be fitting
tilheyrir,be proper
tilheyrir,appropriate
stjórnsýslulögin,administrative laws
stjórnsýslulögun,administrative procedures act
stjórnsýslulögin,administrative law
felst,hide
felst,consist of
felst,comprise
felst,made up of
felast,comprise
leiðbeiningarskyldu stjórnsýslulaga,duty to teach or guide persons legally
rökstuðning,argumentation
rökstuðning,reasons
rökstuðning,grounds
rökstuðning,arguments
upplýsingaskyldu stjórnvalda,freedom of information
búa yfir,carry
búa yfir,possess
búa yfir,endowed
kunna,might
kunna,may
kunna,know how
kunna,known
friðhelgi einkalífs,private life
friðhelgi,privacy
kunna upp á tíu,know like the back of one's hand
kunna upp á tíu,know throughly
kunna upp á sína tíu fingur,know throughly
kunna upp á sína tíu fingur,know like the back of one's hands
sérdómstólarnir,special courts
sérdómstólarnir,extraordinary courts
sakamál,criminal case
einkamál,private matter
einkamál,private affair
einkamál,civil action
þingfesting,arraignment
þingfesting,commencement of proceedings
gerðardóma,arbitration
gerðardóma,court of arbitration
gerðardóma,arbittration committee
gerðardóma,arbitration committee
fullnustugerðir,execution
nauðungarsala,foreclosure
réttaráhrif,legal effect
réttaráhrif,legal impact
gjaldþrotaúrskurðar,insolvency ruling
gjaldþrotaúrskurðar,bankruptcy decree
fallna,qualified
fallna,capable
fallna,conducive
fallinn,qualified
fallinn,capable
fallinn,conducive
raska,disturb
raska,perturb
raska,disrupt
raska,interfere
raska,derange
raska,discompose
raska,agitate
raska,chequer
raska,confound
smásala,retail
bókun,protocol
bókun,minutes
bókun,booking
bókun,registration
bókun,registry
bókun,reservation
bókun,book-keeping entry
bókun,entry
bókun,recorded item
frábrugðnir,different
frábrugðnir,distinct
frábrugðnir,unlike
frábrugðnir,dissimilar
sérhverju,every
sérhverju,each and every
meginreglu,principle
samningaréttarins,right to negotiate
samningaréttarins,bargaining rights
samningaréttarins,contract rights
samningsréttar,right to negotiate
samningsréttur,bargaining rights
samningar skulu standa,pact sunt servanda
samningar skulu standa,pacta sunt servanda
samningar skulu standa,agreements must be kept
pacta sunt servanda,agreements must be kept
fjárræði,financial capacity
fjárræði,financial capability
loforð,promise
skilgreiningin,definition
ógildum,invalid
ógildum,void
ógildum,null and void
ógildingarástæður, reasons for nullification
stuttu máli,short answer
stuttu máli,in brief
stuttu máli,stated briefly
á við,be suitable
á við,apply
á við,mean
á við,suit
ósanngjarn,unfair
ósanngjarn,unreasonable
samningalögunum,contract law
reynt á,exert
reynt á,try
reynt á,test
reynt á,push
meðalhóf,moderation
meðalhóf,proportionality
eftirfarandi,as follows
eftirfarandi,following
eftirfarandi,subsequent
efitrfarandi,this
skerðingu,reduction
skerðingu,cut
skerðingu,impairment
tjónvalds,tort feasor
tjónvalds,perpetrator
tjónvalds,party at fault
tjónþola,injured party
tjónþola,claimant
saknæmt,criminal
saknæmt,punishable
veldur,cause
veldur,be the cause of
veldur,lead to
valda,lead to
valda,be the cause of
huglægt,subjective
tjónsverknaðinn,harmful act
tjónsverknaðinn,damagin deed
ásetningi,intention
ásetningi,plan
ásetningi,resolve
gáleysi,carelessness
gáleysi,thoughtlessness
framið,perpetrate
framið,commit
framið,carry out
fremja,carry out
fremja,commit
fremja,perpetrate
vinna tjón,cause damage
óhjákvæmileg,
sóst,
vístvitandi,
hardvömm,
athafnafrelsis,
leggja mat,
hefði mátt sjá,
hefði átt að sjá,
leyst,
dekkjaróla,
vanbúinn,
áfátt,
óhappatilvík,
rakið,
gerðar,
annars vegar,on one hand
athöfn,
athafnaleysi,
á tíðum,
tilviljun,
bonus pater familias,
olli,
grandvar,
óforsvaranleg,
séð fyrir,forsee
séð fyrir,in sight
séð fyrir,imagine
saknæmistígið,
óafvitandi,
stórfellt,
varð fyrir,
skyggni,awning
skyggni,shade
skyggni,visor
torgi,
segli,sail
segl,sail
lét,
skurð,
togna,
tilhneigingu,
umrætt,in queston
umrætt,said
umrætt,discussed
varhugavert,risky
varhugavert,dangerous
varhugavert,perilous
framhlið,
togna,sprain
togna,pull
mannvirkja,
sést til þeirra,ensure
sést til þeirra,make sure
fyrirhöfn,effort
fyrirhöfn,exertion
fyrirhöfn,trouble
fyrirhöfn,faff
ófyrirsjáanleg,unforseeable
ófyrirsjáanleg,unpredictable
rakið,follow
rakið,trace
rakið,track
rekja,follow
rekja,trace
rekja,track
þrífst,thrives
þrífst,grows
þrífst,develops
þrífst,flourish
þrífst,prosper
þrífast,thrive
þrífast,grows
þrífast,develops
þrífast,flourish
þrífast,prosper
myndast,appear
myndast,form
myndast,photograph
vöggu,cradle
síaukinni,ever-increasing
síaukinni,ever-growing
síaukinni,continually increasing
mönnum,human
mönnum,man
mönnum,person
maður,human
maður,man
maður,person
hugleikin,important
hugleikin,dear
hugleikin,near to one's heart
fræðslu,instruction
fræðslu,training
fræðslu,teaching
fræðslu,information
brjóta til mergjar,get to the bottom of
brjóta til mergjar,investigate in depth
refsirétt,criminal law
skyldleika,kinship
skyldleika,similarity
sérhæfð,specialized
réttarheimild,sources of law
lög og réttur,laws and rights
réttarsamband,
réttindi,right
réttindi,entitlement
réttindi,certification
réttindi,qualification
rétthæfi,
löggerningur,legal act
löggerningur,act of law
lögggerningur,legal letter of intent
viljayfirlýsing,letter of intent
réttaráhrif,
réttarregla,rule of law
réttarregla,acquis
beita,employ
beita,hitch
beita,beat
beita,apply
beita,exert
beita,wield
málalengingar,empty talk
málalengingar,idle talk
málalengingar,bluff
málalengingar,chit-chat
tæknivæddari,high-tech
tæknivæddari,technologically advanced
þjappast saman,intermingle
þjappast saman,crowd together
þjappast saman,grouped together
alþjóðavæðingin,globalisation
átta sig á,realise
átta sig á,figure out
átta sig á,become aware of
lengst af,for the longest time
greinileg merki,clear sign
greinileg merki,obvious marker
þáttaskil,turning point
þáttaskil,start of a new chapter
tilkomu,advent
tilkomu,arrival
Evrópska efnahagssvæðið (EES) lög nr.2/1993,European economic area
EES-samninginn,EEA agreement
landsrétt,national court
góma,get
góma,catch
góma,nab
settar,introduce
settar,adopt
settar,set
settar,lay out
bráðabirðalög,emergency law
víðtækara,broad
víðtækara,comprehensive
tilorðnar,ordained
tilorðnar,created
tilorðnar,formed
tilorðnar,originated
alþjóðlegar reglur,international regulations
alþjóðlegar reglur,international law
fræðigreinum,discipline
fræðigreinum,academic subject
dómstóll,court
dómstóll,court of law
dómstóll,judicative
skipulagsbundinn,
félagsskapur,
árekstrarar,
kemur til kasta,
leikreglur,rules of play
leikreglur,rules of the game
leikreglur,rules of engagement
leikreglur,ground rules
leikreglur,rule of law
réttarreglur,rules of play
réttarreglur,rules of the game
réttarreglur,rules of engagement
réttarreglur,ground rules
aldaraðir,
spreytt,
réttarhugtakið,
tímanna rás,
þjóðveldisöld,
blóðhefnd,
viðurkennd,
refsiverð,
fjölkvæni,
valdi,
undirstöðum,
stjórnskipunar,
lýðræðisríkja,
réttarríkishugmyndin,
réttarríki,
valdhafarnir,
lögum,
virt,
réttaröryggi,
ásælni,
ríkisvaldsins,
borgarans,
hinu opinbera,
fræðikerfi,
óviðkomandi,
heildarmynd,big picture
heildarmynd,overview
heildarmynd,full picture
fræðistarf,
rekja til,
tiltekið,
flokkun,
samstöðu,
þjóðaréttur,international law
allsherjarréttur,
ríkisbundnar réttarreglur,
kirkjuréttar,
réttarfar,
ríkisréttur,
stjórnskipunarréttur,
stjórnsýsluréttur,
einkaréttur,
persónuréttur,
sifjaréttur,
sjóréttur,
hugverka- og auðkennaréttur,
félagaréttur,
viðskiptaréttur,
alþjóðastofnana,
sameinuðu þjóðanna,United Nations
í seinni tíma,lately
í seinni tíma,in recent times
í seinni tíma,in modern times
í seinni tíma,later on
auknum mæli,increased talk
hagsmunum,rights
hagsmuum,interests
mannréttindayfirlýsing,
mannréttindasáttmáli Evrópu lög nr. 62/1994,
þegna,citizen
þegna,subject
þegn,citizen
þegn,subject
innbyrðis,
tvíeðli,dualism
ESB-gerð,
réttarheimildir Evrópusambandsins,
lögfest,
lagaákvæði,statutory provision,
lagaákvæði,legal provision
alþjóðasamninga,
eigi lög,
eineðliskenningin,monism
landsréttar,national law
landsréttar,law of the land
landsréttar,national legislation
ríkisbundnar réttarreglur,law of the land
ríkisbundnar réttarreglur,national law
ríkisbundnar réttarreglur,national legislation
landslög,law of the land
landslög,national law
landslög,national legislation
regla,
kenningunni,
Evrópusambandsins,
leiða,
ákvæði,
Rómarsáttmálans,
lagasetningar,legislation
lagasetningar,lawmaking
þjóðréttarsamningar,
lög nr. 110/1951 varnarsamning,
yfirlitsmyndin,graphical overview
yfirlitsmyndin,overview tree
starfsháttu,
draga skýrmörk,set a clear boundary
draga skýrmörk,draw a clear line
skiptar skoðanir,divisive views
skiptar skoðanir,divided viewpoints
skarast,overlap
löggjöf,legislation
löggjöf,statute
alger,
allsráðandi,
alþjóðasamstarfi,
æ,
ríghalda,
straumhvörf,
hjólbarða,
sakadómi,
sakborningsins,
ómerkingar,untruthful
ómerkingar,dishonest
færi,provide
færi,present
færi,bring
færi,give
færi,put forward
færa,provide
færa,present
færa,bring
færa,give
færa,put forward
umboðsvald,
lögregluvald,
glæpsamlegt,
athæfi,
réttlátrar,
landfræðilegar,
gegnt störfum,
stjórnarskrárinnar,basic law
stjórnarskrárinnar,constitution
bundið,
landsrétti,national court
landsrétti,law of the land
landsrétti,national law
landsrétti,national legislation
málavöxtu,
dómstörfum,
fordæmi,precedent
fordæmi,example
fordæmi,prior instance
forsendu,prerequisite
forsendu,stipulation
forsendu,condition
vísað frá,throw out
vísað frá,reject
vísað frá,turn away
dreifa,spread
dreifa,disseminate
dreifa,divert
dreifa,distribute
dreifa,scatter
dreifa,distract
dreifa,disperse
dreifa,clear
kanna,explore
kanna,survey
kanna,check
kanna,see
viðhlítandi,
staðhæfingum,
eðlismáls,
meginreglur laga,
lögjöfnun,legal analogy
einkum,first and foremost
einkum,especially
einkum,particularly
einkum,in particular
réttarsvið,
meginstefnu,
dómvenju,case precedents
dómvenju,case law
löggjafarvaldið,
tekur mið af,consider
tekur mið af,take into account
almenn lög,acts of parliament
lýðveldisstjórnarskráin,
grundvallarlög, organic law
grundvallarlög,fundamental law
grundvallarlög,constitutional law
grundvallarlög,constitution
stjórnskipunarlög, organic law
stjórnskipunarlög,fundamental law
stjórnskipunarlög,constitutional law
stjórnskipunarlög,constitution
æðri,superior
æðri,upper
æðri,higher
æðri,high-ranking
ganga í berhögg við,go in direct provocation to
ganga í berhögg við,stand head to head
er að finna,can be found
meginákvæði,main clause
meginákvæði,main proviso
meginákvæði,main stipulation
setning,passing
setning,adoption
vandaðri,better made
vandaðri,more honest
rjúfa,
efna til,throw
efna til,organize
felli,
er úr sögunni,has been eradicated
standa fyrir dyrum,is on the horizon
standa fyrir dyrum,is around the corner
hvort eð er,in any event
hvort eð er,anyway
hvort eð er,anyhow
hovrt eð er,in any case
stundarsakir,
þingrofi,dissolution of parliament
greddra,
synjunar,rejection
synjunar,refused
teljist,to be counted
teljist,be deemed
teljist,be considered
kosningarbærramanna,persons with the right to vote
neyðarlagadómurinn,
alloft,
seinni ára,
tekist á,
fjárveitingar,
o.fl.,and more
o.fl.,etc.
og fleira,and more
og fleira,etc.
og fleira,etcetera
efnahagsáfalli,
hruns,
viðskiptabanka,
heimildir,
upp var komin,
innstæðna,
fram fyrir,in front of
fram fyrir,ahead of
gerðar,
forgangskröfum,
brjóti í bága,at odds with
brjóti í bága,in opposition to
fallist,
kröfur breska innstæðutryggingarsjóðsins (FSCS),
skjótra,swift
skjótra,speedy
skjótra,rapid
skjótra,quick
löggjafans,legislature
löggjafans,legislator
löggjafans,lawmaker
löggjafans,lawgiver
vafalaust,undoubtedly
vafalaust,no doubt
ófarnaðar,
umflúið,
ríku svigrúmi,
farnar,
stjórnlagaráð,
þáverandi,
ráðgefandi,
stjórnlagaþing,assembly to change the constitution
stjórnlagaþing,congress to change the constitution
stjórnlagaþing,constitutional congress
greinargerð,
kveðið,
þjóðkjörum,
þjóðfundar,
kjörnir,
krafist,
ógildingar,
þingsályktunartillögu,parliamentary resolution
setti á stofn,establish
setti á stofn,start
komið á fót,establish
einróma,
fól í śer,encompasses
fól í sér,includes
fela í sér,encompasses
fela í sér,includes
heildarendurskoðun,
nýmæli,
framkvæmdarvalds,
valdmörk,
eftirlit,
handhöfum,holder
handhöfum,bearer
handhöfum,wielder
handhöfum,weilder
ríkisvalds,
framsal,transfer
framsal,extradition
framsal,surrender
alþjóðastofnana,
utanríkismála,
náttúruauðlinda,
framvegis,
löggjafarþingi,
varð að,turn into
varð að,becomes
forsetavalds,presidential power
flytja,perform
flytja,deliver
flytja,accompany
flytja,recite
flytja,represent
flytja,treat
flytja,ruin
flytja,take
flytja,bring
flytja,go
flytja,give
umræður,reading
umræður,debate
umræður,discussion
umræður,argument
embættisskylda,
bera upp,
Stjórnartíðindum,
reglugerð,regulations
efni,substance
efni,content
réttlægri,inferior
réttlægri,lower-ranking
stangist á,butt
stangist á,pick
stangist á,clash
stangist á,conflict
síðasta orðið,final say
síðasta orðið,last word
sett af þar,
bæru,capable
bæru,competent
staðið að setningu,existed during the adoption
dómasafni,
leigubílaksturs,
bifreiðastjóra félaginu (Frama),
bifreiðastjóra félaginu,
bönd,
atvinnufrelsi,
almenningsheill,
lagaboð,
lagaboð (sétt lög),
ein og sér,alone
ein og sér,by itself
ótvíræð,
meiri,more
meiri,bigger
séu þau það,if they are so
séu þau það,even so
séu þau það,provided that
séu þau það,if that is the case
í hag,favor
í hag,benefit
í hag,advantage
samþykktir,
framkvæmdarvaldinn,executive branch
framkvæmdarvaldinn,executive power
staðbundnar,
lögsagnarumdæmi
Lægra sett stjórnvöld,
byggingarsamþykktir,
minni háttar,
tæknilega útfærsla,
auglýsingar,
allmiklu,
refsinæmi,
að öðru leyti,
réttaráhrif,
sama á við,
rétthærri réttarheimildum,superior sources of law
ísuðum,
útflutningsleyfi,
gat,
bundið,limited
bundið,tied
bundið,bound
bundið,shackled
þóttu,be considered
þykja,be considered
meginregla,principle
meginregla,precept
meginregla,basic rule
mæla fyrir, state
mæla fyrir,specify
mæla fyrir,argue for
mæla fyrir,order
mæla fyrir,command
mæla fyrir,guide
mæla fyrir,instruct
mæla fyrir,accord
fyrirmæli,instruction
fyrirmæli,guideline
fyrirmæli,order
fyrirmæli,command
umfang,
réttindaskerðingar,
efnisreglur,
stríðir,
ofangreindu,above-mentioned
haggað,budge
haggað,shift
hagga,budge
hagga,shift
brýna,urgent
brýna,pressing
brýnn,urgent
brýnn,pressing
ber til,transpires
bera til,transpires
fyrir atbeina,with backing
fyrir atbeina,with support
